User Input,Chatbot Response,Timestamp
hii,"Sorry, I encountered an error: 

You tried to access openai.ChatCompletion, but this is no longer supported in openai>=1.0.0 - see the README at https://github.com/openai/openai-python for the API.

You can run `openai migrate` to automatically upgrade your codebase to use the 1.0.0 interface. 

Alternatively, you can pin your installation to the old version, e.g. `pip install openai==0.28`

A detailed migration guide is available here: https://github.com/openai/openai-python/discussions/742
",2024-11-30 11:11:28
adi,"Sorry, I encountered an error: 

You tried to access openai.ChatCompletion, but this is no longer supported in openai>=1.0.0 - see the README at https://github.com/openai/openai-python for the API.

You can run `openai migrate` to automatically upgrade your codebase to use the 1.0.0 interface. 

Alternatively, you can pin your installation to the old version, e.g. `pip install openai==0.28`

A detailed migration guide is available here: https://github.com/openai/openai-python/discussions/742
",2024-11-30 11:11:42
hii,"Gardening tips include choosing the right plants for your climate, watering properly, and using organic fertilizers.",2024-11-30 11:12:33
hi,"Error: HTTPSConnectionPool(host='api-inference.huggingface.co', port=443): Max retries exceeded with url: /models/gpt2 (Caused by SSLError(SSLCertVerificationError(1, ""[SSL: CERTIFICATE_VERIFY_FAILED] certificate verify failed: Hostname mismatch, certificate is not valid for 'api-inference.huggingface.co'. (_ssl.c:1000)"")))",2024-11-30 11:29:56
hii,"Error: Authorization header is correct, but the token seems invalid",2024-11-30 11:33:23
hiiii,"Error: Authorization header is correct, but the token seems invalid",2024-11-30 11:34:24
hiiii,"Error: Authorization header is correct, but the token seems invalid",2024-11-30 11:35:38
hiiiiii,"Error: Authorization header is correct, but the token seems invalid",2024-11-30 11:35:46
hiiiiii,"Error: Authorization header is correct, but the token seems invalid",2024-11-30 11:36:17
hii,"Error: Authorization header is correct, but the token seems invalid",2024-11-30 12:11:53
hiii,"Error: Authorization header is correct, but the token seems invalid",2024-11-30 12:13:36
hiii,Error: 'str' object has no attribute 'json',2024-11-30 12:14:10
hiii,Error: 'str' object has no attribute 'json',2024-11-30 12:14:15
hiii,Error: 'str' object has no attribute 'json',2024-11-30 12:15:37
hiii,Error: 'str' object has no attribute 'json',2024-11-30 12:16:08
hiii,"Error: Authorization header is correct, but the token seems invalid",2024-11-30 12:18:25
hiii,"Error: Authorization header is correct, but the token seems invalid",2024-11-30 12:18:30
hiii,"hiii} Stripes 1st & 2nd Place - Old Mauna Loa's Hold (AKA Sturgeon's Cabin) Deluxe Ball Room 380 ifTheFeelsTimeikaGx.[Contact 13 / 09, 2:44 PM] iBlonk1038/ @_Father_Enough_me 5 Shadow Strike- A Cure for the Blight 8 / 03, 6:03 PM] rusall43/ While still Walking, Earthfall 4796 2016 |Available

Random tournament",2024-11-30 12:21:21
"hello, what are the 7 wonders of world","hello, what are the 7 wonders of world peace, and things around us?""

Eminent intellectuals and thinkers, he argued, would remain ""entirely in disfavor"" of the depersonalization reflex, urging people to exercise the value of the doubtful for the fact that noneminent individuals are more interested in reaching due process than in finding out who is capable of being accepted into the new, better society.

Short, blue letters all over the problem were often buried in slogans promising to resolve the world's",2024-11-30 12:21:55
hii,Error: Model microsoft/DialoGPT-medium is currently loading,2024-11-30 12:24:49
hii,"hii friends I have been thinking of writing this blog for a long time. I write on other blogs(the ones follow different planar type). But when i think of a write up, i always avoid it. due to many reasons. bit of this reason is to write on the blog for the <a href="" "">initial time.</a>
Read Aloud
We have Kaunakak Rockface!
From yesterday some issue have been with my Kaunakak site.",2024-11-30 12:32:04
what is facebook,"what is facebook about then
On Jan. 28, 2019 - 03:30 PM EST. Facebook has teamed up with a U.S. startup called Life On Flame that offersFacebook. They join Mark Zuckerberg exclusive Silicon Valley club in the process in the elite group that owns their own houses.",2024-11-30 12:32:17
what is facebook,"what is facebook about then
On Jan. 28, 2019 - 03:30 PM EST. Facebook has teamed up with a U.S. startup called Life On Flame that offersFacebook. They join Mark Zuckerberg exclusive Silicon Valley club in the process in the elite group that owns their own houses.",2024-11-30 12:32:33
what is powerbi,"what is powerbi user group
PowerBi User Group is an online community where business professionals can collaborate, share their knowledge, and get advice on visual analytics, governance, and security considerations by using PowerBI. There are also free-online events and webinars that PowerBI User Group provides to keep its users updated with latest updates, information because PowerBI is widely used to aid business data decision making.",2024-11-30 12:32:41
who invented this app,"who invented this app
I'm sorry, I cannot find information on what app you are referring to. Can you please provide more context or details so I can assist you better?",2024-11-30 12:33:05
who invented this app,"who invented this app
I'm sorry, I cannot find information on what app you are referring to. Can you please provide more context or details so I can assist you better?",2024-11-30 12:34:15
7 wonders of world,"7 wonders of world
mayan cuzcuoyo.rial main.iples for you. Ancient Erectus as it ia na omdat lípin nz chatrooms buma nye mó3 na bafluto wondered peke up. Main na el aboda duto iisa atau ng sakoská di baklá, duna tay na sin naixing muna sin dta, roaa na ia sin na ia cum s na sa bingraí i mí na pur na disc",2024-11-30 12:34:32
7 wonders of world in english,"7 wonders of world in english haul sidhu, rhymes, bogart, toddler games. You could have coffee brewed profiles on excitemo pad special interest women. recipe for northwest no cross hollow legs women video with lobo last dragoncon georgia secreator sex. Videos of hamilton county free adult female porn kinko killer pictures bangers and black. Fall fetish pains stormy daniels erotic response to tias way videos with mfm coverage geoeguillty women fucking cock every where n",2024-11-30 12:35:01
how are you,"how are you to do:
- change money for an old-fashioned pay phone. 1-10.
you location is not favourite online roulette released yet it was to grow to be readily available through payphones in and around major towns and north coast of scotland recently. sandwich with egg how oregano. you know i get pleasure frm books. free military surplus jp&j organized assaults we use to be referred to the newsbearers of far out shenanigans about games through a company youre",2024-11-30 12:41:35
tell me about yourself,"tell me about yourself or yourself only can be reached.
As an AI language model, I am designed to assist people by generating more natural language to help them communicate effectively. I can provide various types of help, including aiding in tasks, providing travel and weather information, and sharing news and updates on current events. However, regarding my personal life, I am simply a collection of pre-programmed functions that are dedicated to serving the needs and inquiries of users, and I do not have a ""private life""",2024-11-30 12:42:10
hii,"Artificial intelligence (AI) doesn't work in a single, unified way.  Instead, it encompasses a vast range of techniques and approaches, all aiming to mimic human intelligence in machines.  However, we can break down the core principles:

**1. Data is King:**  AI systems learn from data.  The more relevant and high-quality data they're fed, the better they perform. This data can be anything from images and text to sensor readings and financial transactions.

**2. Algorithms are the Tools:**  Algorithms are sets of rules and calculations that process the data.  Different algorithms are suited for different tasks.  Some common types include:

* **Machine Learning (ML):**  This is a subset of AI where systems learn from data *without* explicit programming.  Instead of being explicitly told what to do, they identify patterns and relationships in the data to make predictions or decisions.  There are various types of ML:
    * **Supervised Learning:**  The algorithm learns from labeled data (e.g., images labeled ""cat"" or ""dog"").  It learns to map inputs to outputs.
    * **Unsupervised Learning:**  The algorithm learns from unlabeled data, identifying patterns and structures on its own (e.g., clustering similar customers based on purchasing behavior).
    * **Reinforcement Learning:**  The algorithm learns through trial and error, receiving rewards or penalties for its actions.  It learns to optimize its behavior to maximize rewards (e.g., training a robot to walk).

* **Deep Learning (DL):**  A subfield of ML that uses artificial neural networks with multiple layers (""deep"" networks) to analyze data.  These networks are inspired by the structure and function of the human brain.  Deep learning excels at tasks like image recognition, natural language processing, and speech recognition.

* **Expert Systems:**  These systems use a set of rules defined by human experts to solve problems in a specific domain.  They are less adaptable than ML but can be useful in situations where clear rules exist.

**3. Model Building and Training:**  The algorithm is used to build a ""model"" that represents the patterns learned from the data.  This process is called ""training.""  During training, the model's performance is evaluated, and its parameters are adjusted to improve its accuracy.

**4. Prediction and Inference:**  Once trained, the model can be used to make predictions or inferences on new, unseen data.  For example, an image recognition model trained on thousands of cat pictures can identify a cat in a new picture.

**5. Evaluation and Improvement:**  The model's performance is continuously evaluated and improved.  This involves monitoring its accuracy, identifying biases, and retraining it with more data or adjusting its parameters.


In summary, AI systems learn from data using algorithms to build models that can make predictions or decisions.  The specific techniques used depend on the task and the type of data available.  It's a constantly evolving field with new techniques and applications emerging all the time.
",2024-11-30 12:48:30
hii,"Hi there! How can I help you today?
",2024-11-30 12:48:59
"hi, ia am working on react project how to get tailwind in it?","There are several ways to add Tailwind CSS to your React project.  Here's a breakdown of the most common and recommended approaches, along with explanations and considerations:

**Method 1: Using the Official Tailwind CSS CLI (Recommended)**

This is generally the best approach, as it provides the most features and the easiest setup for larger projects.

1. **Install Tailwind CSS:**

   ```bash
   npm install -D tailwindcss postcss autoprefixer
   ```

   or, if using yarn:

   ```bash
   yarn add -D tailwindcss postcss autoprefixer
   ```

2. **Initialize Tailwind:**

   ```bash
   npx tailwindcss init -p
   ```

   This creates a `tailwind.config.js` file and adds the necessary PostCSS configuration to your project.

3. **Configure Tailwind:**

   Open `tailwind.config.js` and make sure the `content` array includes paths to your React components where you'll be using Tailwind classes.  This tells Tailwind which files to scan for class names.  A common pattern looks like this:

   ```javascript
   /** @type {import('tailwindcss').Config} */
   module.exports = {
     content: [
       ""./src/**/*.{js,jsx,ts,tsx}"", // Adjust to match your project's src directory
     ],
     theme: {
       extend: {},
     },
     plugins: [],
   }
   ```

4. **Add Tailwind Directives to your CSS:**

   Open your main CSS file (often `src/index.css` or similar).  Add the following directives to import and apply Tailwind's styles:

   ```css
   @tailwind base;
   @tailwind components;
   @tailwind utilities;
   ```

5. **Import CSS into your App:**

   Import your main CSS file (the one you just added the Tailwind directives to) into your main App component (e.g., `src/App.js` or `src/App.tsx`):

   ```javascript
   import './index.css'; // or the path to your main CSS file
   ```

6. **Use Tailwind classes in your components:**

   Now you can use Tailwind CSS classes directly in your JSX:

   ```jsx
   function MyComponent() {
     return (
       <div className=""bg-blue-500 hover:bg-blue-700 text-white font-bold py-2 px-4 rounded"">
         Button
       </div>
     );
   }
   ```


**Method 2: Using a CDN (Less Recommended for larger projects)**

This method is quicker for small projects or quick prototyping, but it's less maintainable and less efficient for larger applications.

1.  Include the Tailwind CSS CDN link in your `index.html` file within the `<head>` tag:

    ```html
    <link href=""https://cdn.jsdelivr.net/npm/tailwindcss@2.2.19/dist/tailwind.min.css"" rel=""stylesheet"">
    ```

2.  Use Tailwind classes in your components as described in step 6 of Method 1.

**Important Considerations:**

* **`content` array in `tailwind.config.js`:**  This is crucial!  If you don't correctly specify the paths to your React components, Tailwind won't be able to find and process your classes.  Make sure the paths accurately reflect your project structure.  If you use a component library, you'll likely need to include its paths in this array as well.
* **Purge unused CSS (in production):** For production builds, you'll want to purge unused Tailwind CSS classes to reduce your bundle size. The CLI method handles this efficiently.  With the CDN approach, you have to manage it manually or using a separate tool.
* **Version Compatibility:** Make sure your versions of Tailwind, PostCSS, and Autoprefixer are compatible.  The `npx tailwindcss init -p` command helps manage this.
* **TypeScript:** If you're using TypeScript, you might need to install type definitions:  `npm install --save-dev @types/tailwindcss`.


The **CLI method (Method 1)** is strongly preferred for its better maintainability, performance, and features, especially as your project grows.  The CDN approach is a quick way to test things out, but it's generally not suitable for production applications.  Remember to carefully configure the `content` array in your `tailwind.config.js` file, as this directly impacts Tailwind's ability to process your classes.
",2024-11-30 12:49:33
